iceberg_id,latitude,longitude,area_km2,confidence,timestamp,pixel_count,id,size_major_km,size_minor_km
IB_001,-65.98366,136.123995,15.4544,0.9561,2021-03-10 10:48:42,9659,IB_001,4.435893734091823,4.435893734091823
IB_002,-66.024175,136.039424,9.0816,0.9071,2021-03-10 10:48:42,5676,IB_002,3.4004488305908755,3.4004488305908755
IB_003,-66.089311,136.205681,2.9168,0.9186,2021-03-10 10:48:42,1823,IB_003,1.9271183420027744,1.9271183420027744
IB_004,-66.04945,136.193685,2.7536,0.9071,2021-03-10 10:48:42,1721,IB_004,1.872429547508462,1.872429547508462
IB_005,-65.995772,136.274136,2.6144,0.963,2021-03-10 10:48:42,1634,IB_005,1.8244882750392257,1.8244882750392257
IB_006,-65.976871,135.936047,2.3968,0.9709,2021-03-10 10:48:42,1498,IB_006,1.7469117152338403,1.7469117152338403
IB_007,-65.741429,136.252681,2.3152,0.9835,2021-03-10 10:48:42,1447,IB_007,1.7169170608887456,1.7169170608887456
IB_008,-65.964036,135.980254,2.2224,0.9631,2021-03-10 10:48:42,1389,IB_008,1.6821556302017437,1.6821556302017437
IB_009,-66.092788,136.119739,2.136,0.927,2021-03-10 10:48:42,1335,IB_009,1.6491330048101966,1.6491330048101966
IB_010,-66.04658,136.335952,1.9136,0.9382,2021-03-10 10:48:42,1196,IB_010,1.5609199828323064,1.5609199828323064
IB_011,-65.992838,135.947914,1.872,0.9645,2021-03-10 10:48:42,1170,IB_011,1.543860235819365,1.543860235819365
IB_012,-66.023673,135.91156,1.8624,0.976,2021-03-10 10:48:42,1164,IB_012,1.5398965316263191,1.5398965316263191
IB_013,-65.82485,135.465822,1.8336,0.9603,2021-03-10 10:48:42,1146,IB_013,1.5279437258048458,1.5279437258048458
IB_014,-66.070611,136.20677,1.6288,0.9219,2021-03-10 10:48:42,1018,IB_014,1.4400876954076904,1.4400876954076904
IB_015,-65.981124,136.030206,1.5744,0.975,2021-03-10 10:48:42,984,IB_015,1.4158348559175395,1.4158348559175395
IB_016,-66.034332,136.145167,1.5056,0.8766,2021-03-10 10:48:42,941,IB_016,1.3845538843083216,1.3845538843083216
IB_017,-65.994025,136.237151,1.4816,0.9345,2021-03-10 10:48:42,926,IB_017,1.3734743206480482,1.3734743206480482
IB_018,-65.854636,135.455715,1.4048,0.9733,2021-03-10 10:48:42,878,IB_018,1.3374030478670058,1.3374030478670058
IB_019,-66.033741,136.170737,1.3408,0.9442,2021-03-10 10:48:42,838,IB_019,1.306583170556282,1.306583170556282
IB_020,-65.85581,136.322501,1.3392,0.9436,2021-03-10 10:48:42,837,IB_020,1.3058033536139084,1.3058033536139084
IB_021,-65.737498,136.154333,1.2368,0.9689,2021-03-10 10:48:42,773,IB_021,1.2548875124601604,1.2548875124601604
IB_022,-65.731642,136.300137,1.136,0.9422,2021-03-10 10:48:42,710,IB_022,1.2026637613311315,1.2026637613311315
IB_023,-65.950339,136.47053,1.12,0.9659,2021-03-10 10:48:42,700,IB_023,1.1941642642883694,1.1941642642883694
IB_024,-66.019281,135.96592,1.072,0.9646,2021-03-10 10:48:42,670,IB_024,1.1682948223612457,1.1682948223612457
IB_025,-65.999579,135.914124,1.04,0.9541,2021-03-10 10:48:42,650,IB_025,1.1507254783503185,1.1507254783503185
IB_026,-65.972717,136.096165,1.0032,0.9706,2021-03-10 10:48:42,627,IB_026,1.1301831317438407,1.1301831317438407
IB_027,-66.110721,136.138607,0.9776,0.9332,2021-03-10 10:48:42,611,IB_027,1.1156697445629218,1.1156697445629218
IB_028,-66.003676,135.961919,0.9776,0.957,2021-03-10 10:48:42,611,IB_028,1.1156697445629218,1.1156697445629218
IB_029,-65.832701,136.69341,0.944,0.9724,2021-03-10 10:48:42,590,IB_029,1.0963293894765358,1.0963293894765358
IB_030,-66.041713,136.294108,0.928,0.8334,2021-03-10 10:48:42,580,IB_030,1.0869987569055592,1.0869987569055592
IB_031,-65.948836,136.190137,0.9216,0.9582,2021-03-10 10:48:42,576,IB_031,1.083244000411692,1.083244000411692
IB_032,-65.974116,136.066392,0.9056,0.9659,2021-03-10 10:48:42,566,IB_032,1.0737996701955925,1.0737996701955925
IB_033,-66.024662,136.212484,0.8384,0.9245,2021-03-10 10:48:42,524,IB_033,1.033191189618824,1.033191189618824
IB_034,-65.842139,135.461558,0.8272,0.9693,2021-03-10 10:48:42,517,IB_034,1.0262669006671348,1.0262669006671348
IB_035,-66.084824,136.100512,0.8128,0.9074,2021-03-10 10:48:42,508,IB_035,1.0172949925959236,1.0172949925959236
IB_036,-65.805303,136.541478,0.7744,0.929,2021-03-10 10:48:42,484,IB_036,0.9929736670440511,0.9929736670440511
IB_037,-65.839047,135.988522,0.7424,0.742,2021-03-10 10:48:42,464,IB_037,0.9722412447594397,0.9722412447594397
IB_038,-65.851453,135.908395,0.7312,0.7323,2021-03-10 10:48:42,457,IB_038,0.9648796583566009,0.9648796583566009
IB_039,-65.801268,136.183253,0.72,0.9613,2021-03-10 10:48:42,450,IB_039,0.9574614729634384,0.9574614729634384
IB_040,-65.840305,135.898125,0.7104,0.6576,2021-03-10 10:48:42,444,IB_040,0.9510569765160548,0.9510569765160548
IB_041,-65.829445,136.059002,0.7072,0.6279,2021-03-10 10:48:42,442,IB_041,0.9489125386655544,0.9489125386655544
IB_042,-66.077819,136.191327,0.6848,0.9293,2021-03-10 10:48:42,428,IB_042,0.9337635890495192,0.9337635890495192
IB_043,-65.990224,136.14777,0.6816,0.6895,2021-03-10 10:48:42,426,IB_043,0.9315793437445288,0.9315793437445288
IB_044,-66.056579,136.168587,0.6512,0.8915,2021-03-10 10:48:42,407,IB_044,0.9105677303372539,0.9105677303372539
IB_045,-66.085565,136.164588,0.6416,0.934,2021-03-10 10:48:42,401,IB_045,0.9038310084866973,0.9038310084866973
IB_046,-65.800003,135.560179,0.6096,0.9504,2021-03-10 10:48:42,381,IB_046,0.8810033067307723,0.8810033067307723
IB_047,-66.02332,136.188405,0.512,0.923,2021-03-10 10:48:42,320,IB_047,0.8074024070464513,0.8074024070464513
IB_048,-65.887552,136.366741,0.4912,0.9511,2021-03-10 10:48:42,307,IB_048,0.7908320076817276,0.7908320076817276
IB_049,-66.024063,136.235802,0.4784,0.8998,2021-03-10 10:48:42,299,IB_049,0.7804599914161532,0.7804599914161532
IB_050,-65.826388,135.758118,0.4704,0.7477,2021-03-10 10:48:42,294,IB_050,0.7739068948157914,0.7739068948157914
IB_051,-65.827487,135.818739,0.464,0.8906,2021-03-10 10:48:42,290,IB_051,0.7686241921492685,0.7686241921492685
IB_052,-65.764501,136.203959,0.4592,0.9523,2021-03-10 10:48:42,287,IB_052,0.7646382144141023,0.7646382144141023
IB_053,-65.75042,135.829049,0.432,0.9477,2021-03-10 10:48:42,270,IB_053,0.741646467884524,0.741646467884524
IB_054,-65.723648,136.289294,0.432,0.9603,2021-03-10 10:48:42,270,IB_054,0.741646467884524,0.741646467884524
IB_055,-65.925633,136.425375,0.416,0.9486,2021-03-10 10:48:42,260,IB_055,0.7277826946347568,0.7277826946347568
IB_056,-66.003383,136.227604,0.3936,0.9134,2021-03-10 10:48:42,246,IB_056,0.7079174279587698,0.7079174279587698
IB_057,-65.762035,135.724813,0.3824,0.9512,2021-03-10 10:48:42,239,IB_057,0.6977727437401996,0.6977727437401996
IB_058,-66.008603,136.243371,0.3728,0.882,2021-03-10 10:48:42,233,IB_058,0.6889584183949483,0.6889584183949483
IB_059,-65.815915,135.77862,0.3696,0.9159,2021-03-10 10:48:42,231,IB_059,0.6859951426461532,0.6859951426461532
IB_060,-65.919662,136.444374,0.3664,0.9448,2021-03-10 10:48:42,229,IB_060,0.6830190108561867,0.6830190108561867
IB_061,-65.909083,136.493339,0.3632,0.9435,2021-03-10 10:48:42,227,IB_061,0.680029854232747,0.680029854232747
IB_062,-65.690458,135.891153,0.344,0.9235,2021-03-10 10:48:42,215,IB_062,0.6618114560725705,0.6618114560725705
IB_063,-65.99921,136.513956,0.3424,0.9458,2021-03-10 10:48:42,214,IB_063,0.6602705658420036,0.6602705658420036
IB_064,-65.862986,136.223489,0.3424,0.9539,2021-03-10 10:48:42,214,IB_064,0.6602705658420036,0.6602705658420036
IB_065,-65.802387,136.394055,0.3408,0.9296,2021-03-10 10:48:42,213,IB_065,0.65872607117507,0.65872607117507
IB_066,-65.821461,136.421402,0.2992,0.6015,2021-03-10 10:48:42,187,IB_066,0.6172141215046532,0.6172141215046532
IB_067,-66.0377,136.2023,0.2912,0.9315,2021-03-10 10:48:42,182,IB_067,0.6089066886041566,0.6089066886041566
IB_068,-65.706962,135.723833,0.2912,0.8994,2021-03-10 10:48:42,182,IB_068,0.6089066886041566,0.6089066886041566
IB_069,-65.860766,136.574226,0.2864,0.9475,2021-03-10 10:48:42,179,IB_069,0.6038673741908488,0.6038673741908488
IB_070,-65.990875,136.514131,0.2848,0.9543,2021-03-10 10:48:42,178,IB_070,0.6021782313738802,0.6021782313738802
IB_071,-66.011781,136.203865,0.2832,0.7473,2021-03-10 10:48:42,177,IB_071,0.6004843370721655,0.6004843370721655
IB_072,-66.005225,136.500788,0.2832,0.9483,2021-03-10 10:48:42,177,IB_072,0.6004843370721655,0.6004843370721655
IB_073,-65.871801,136.662183,0.2832,0.9425,2021-03-10 10:48:42,177,IB_073,0.6004843370721655,0.6004843370721655
IB_074,-66.101941,136.089459,0.28,0.7437,2021-03-10 10:48:42,175,IB_074,0.5970821321441847,0.5970821321441847
IB_075,-65.689569,135.832124,0.2752,0.9406,2021-03-10 10:48:42,172,IB_075,0.5919421616265536,0.5919421616265536
IB_076,-65.874779,136.587334,0.272,0.8906,2021-03-10 10:48:42,170,IB_076,0.5884905744087702,0.5884905744087702
IB_077,-65.74809,135.678176,0.2688,0.896,2021-03-10 10:48:42,168,IB_077,0.5850186233145162,0.5850186233145162
IB_078,-65.749925,135.711111,0.2592,0.9316,2021-03-10 10:48:42,162,IB_078,0.574476883778063,0.574476883778063
IB_079,-65.814042,135.854968,0.248,0.9157,2021-03-10 10:48:42,155,IB_079,0.5619282935520513,0.5619282935520513
IB_080,-65.961136,136.188209,0.2368,0.8912,2021-03-10 10:48:42,148,IB_080,0.5490930014062159,0.5490930014062159
IB_081,-66.026547,136.446031,0.2368,0.8825,2021-03-10 10:48:42,148,IB_081,0.5490930014062159,0.5490930014062159
IB_082,-65.746551,135.656381,0.2336,0.9113,2021-03-10 10:48:42,146,IB_082,0.5453702940664572,0.5453702940664572
IB_083,-65.877841,136.471534,0.2304,0.9446,2021-03-10 10:48:42,144,IB_083,0.541622000205846,0.541622000205846
IB_084,-65.940429,135.853604,0.2096,0.9126,2021-03-10 10:48:42,131,IB_084,0.516595594809412,0.516595594809412
IB_085,-65.896529,136.230522,0.2064,0.932,2021-03-10 10:48:42,129,IB_085,0.5126369495396694,0.5126369495396694
IB_086,-66.095389,136.170732,0.1968,0.9032,2021-03-10 10:48:42,123,IB_086,0.5005732138297854,0.5005732138297854
IB_087,-65.862049,136.166963,0.1952,0.8749,2021-03-10 10:48:42,122,IB_087,0.4985342105937202,0.4985342105937202
IB_088,-65.94494,135.835443,0.1936,0.8856,2021-03-10 10:48:42,121,IB_088,0.49648683352202555,0.49648683352202555
IB_089,-65.849762,136.263159,0.1936,0.9392,2021-03-10 10:48:42,121,IB_089,0.49648683352202555,0.49648683352202555
IB_090,-65.955455,136.453212,0.192,0.925,2021-03-10 10:48:42,120,IB_090,0.49443097858968266,0.49443097858968266
IB_091,-65.717683,136.077219,0.1824,0.5029,2021-03-10 10:48:42,114,IB_091,0.4819117066016281,0.4819117066016281
IB_092,-65.819787,136.478259,0.1792,0.7921,2021-03-10 10:48:42,112,IB_092,0.4776657057153477,0.4776657057153477
IB_093,-65.687731,136.029133,0.168,0.908,2021-03-10 10:48:42,105,IB_093,0.4624978308224887,0.4624978308224887
IB_094,-65.698032,136.286165,0.168,0.8383,2021-03-10 10:48:42,105,IB_094,0.4624978308224887,0.4624978308224887
IB_095,-65.823965,135.662037,0.1648,0.7757,2021-03-10 10:48:42,103,IB_095,0.4580719124464573,0.4580719124464573
IB_096,-65.906496,136.448163,0.1632,0.8993,2021-03-10 10:48:42,102,IB_096,0.45584283881704074,0.45584283881704074
IB_097,-65.819587,136.436629,0.1472,0.6492,2021-03-10 10:48:42,92,IB_097,0.4329213103844808,0.4329213103844808
IB_098,-65.831925,136.000021,0.1344,0.7726,2021-03-10 10:48:42,84,IB_098,0.41367063566611284,0.41367063566611284
IB_099,-65.832908,135.799398,0.1328,0.8957,2021-03-10 10:48:42,83,IB_099,0.41120093815655334,0.41120093815655334
IB_100,-65.843784,136.545754,0.1328,0.7335,2021-03-10 10:48:42,83,IB_100,0.41120093815655334,0.41120093815655334
IB_101,-65.894685,135.712341,0.1312,0.6011,2021-03-10 10:48:42,82,IB_101,0.4087163175960233,0.4087163175960233
IB_102,-65.716583,135.713054,0.128,0.8714,2021-03-10 10:48:42,80,IB_102,0.40370120352322564,0.40370120352322564
IB_103,-66.003456,136.490205,0.128,0.8834,2021-03-10 10:48:42,80,IB_103,0.40370120352322564,0.40370120352322564
IB_104,-65.809015,136.449251,0.1216,0.8573,2021-03-10 10:48:42,76,IB_104,0.3934792607492748,0.3934792607492748
IB_105,-66.016114,136.262598,0.12,0.8165,2021-03-10 10:48:42,75,IB_105,0.3908820095223359,0.3908820095223359
IB_106,-65.686892,136.00756,0.1184,0.8913,2021-03-10 10:48:42,74,IB_106,0.3882673847964097,0.3882673847964097
IB_107,-65.714169,136.256746,0.1184,0.8374,2021-03-10 10:48:42,74,IB_107,0.3882673847964097,0.3882673847964097
IB_108,-65.945655,136.445565,0.1168,0.9218,2021-03-10 10:48:42,73,IB_108,0.3856350331920934,0.3856350331920934
IB_109,-65.747239,135.735039,0.1152,0.9097,2021-03-10 10:48:42,72,IB_109,0.38298458918537537,0.38298458918537537
IB_110,-65.746871,135.756623,0.1152,0.8006,2021-03-10 10:48:42,72,IB_110,0.38298458918537537,0.38298458918537537
IB_111,-65.698129,135.737763,0.1024,0.8572,2021-03-10 10:48:42,64,IB_111,0.36108133347056404,0.36108133347056404
IB_112,-66.03591,136.256169,0.0992,0.7953,2021-03-10 10:48:42,62,IB_112,0.3553946578632382,0.3553946578632382
IB_113,-66.009015,136.483434,0.0992,0.9039,2021-03-10 10:48:42,62,IB_113,0.3553946578632382,0.3553946578632382
IB_114,-65.874197,135.835686,0.0976,0.5877,2021-03-10 10:48:42,61,IB_114,0.3525169209643019,0.3525169209643019
IB_115,-66.094244,136.146653,0.096,0.8793,2021-03-10 10:48:42,60,IB_115,0.3496154977894653,0.3496154977894653
IB_116,-65.868021,136.023324,0.0944,0.5241,2021-03-10 10:48:42,59,IB_116,0.34668979365276875,0.34668979365276875
IB_117,-65.816892,135.841022,0.0896,0.7709,2021-03-10 10:48:42,56,IB_117,0.3377606596515802,0.3377606596515802
IB_118,-65.894489,136.374278,0.0832,0.8772,2021-03-10 10:48:42,52,IB_118,0.3254743156102575,0.3254743156102575
IB_119,-65.94254,136.458622,0.08,0.8962,2021-03-10 10:48:42,50,IB_119,0.31915382432114614,0.31915382432114614
IB_120,-66.034353,136.10323,0.0784,0.6345,2021-03-10 10:48:42,49,IB_120,0.31594616678674353,0.31594616678674353
IB_121,-65.713754,136.141984,0.0768,0.7791,2021-03-10 10:48:42,48,IB_121,0.31270560761786875,0.31270560761786875
IB_122,-65.689175,136.149102,0.0752,0.7429,2021-03-10 10:48:42,47,IB_122,0.30943111311580196,0.30943111311580196
IB_123,-66.078338,136.003159,0.0736,0.8045,2021-03-10 10:48:42,46,IB_123,0.3061215942930325,0.3061215942930325
IB_124,-65.955316,135.851756,0.0736,0.8063,2021-03-10 10:48:42,46,IB_124,0.3061215942930325,0.3061215942930325
IB_125,-66.036753,136.217132,0.072,0.8639,2021-03-10 10:48:42,45,IB_125,0.3027759026424192,0.3027759026424192
IB_126,-66.008775,136.311981,0.072,0.8729,2021-03-10 10:48:42,45,IB_126,0.3027759026424192,0.3027759026424192
IB_127,-66.077821,136.238207,0.0704,0.777,2021-03-10 10:48:42,44,IB_127,0.2993928254807644,0.2993928254807644
IB_128,-65.870021,136.045404,0.0704,0.6999,2021-03-10 10:48:42,44,IB_128,0.2993928254807644,0.2993928254807644
IB_129,-65.824303,136.064146,0.0704,0.512,2021-03-10 10:48:42,44,IB_129,0.2993928254807644,0.2993928254807644
IB_130,-65.976474,136.486143,0.0704,0.8928,2021-03-10 10:48:42,44,IB_130,0.2993928254807644,0.2993928254807644
IB_131,-65.684705,136.050052,0.0704,0.8248,2021-03-10 10:48:42,44,IB_131,0.2993928254807644,0.2993928254807644
IB_132,-65.839596,136.052338,0.0688,0.6204,2021-03-10 10:48:42,43,IB_132,0.2959710808132768,0.2959710808132768
IB_133,-66.054399,136.228594,0.0672,0.6954,2021-03-10 10:48:42,42,IB_133,0.2925093116572581,0.2925093116572581
IB_134,-65.819842,135.803297,0.0672,0.8107,2021-03-10 10:48:42,42,IB_134,0.2925093116572581,0.2925093116572581
IB_135,-66.134945,136.171976,0.0656,0.8008,2021-03-10 10:48:42,41,IB_135,0.2890060797537427,0.2890060797537427
IB_136,-65.952269,136.075587,0.0656,0.9167,2021-03-10 10:48:42,41,IB_136,0.2890060797537427,0.2890060797537427
IB_137,-65.77828,135.794759,0.0656,0.8931,2021-03-10 10:48:42,41,IB_137,0.2890060797537427,0.2890060797537427
IB_138,-65.837158,135.753569,0.064,0.8072,2021-03-10 10:48:42,40,IB_138,0.2854598585844434,0.2854598585844434
IB_139,-65.862927,135.9351,0.064,0.5497,2021-03-10 10:48:42,40,IB_139,0.2854598585844434,0.2854598585844434
IB_140,-66.035612,136.290196,0.0624,0.841,2021-03-10 10:48:42,39,IB_140,0.2818690255978371,0.2818690255978371
IB_141,-65.954625,136.205926,0.0624,0.8594,2021-03-10 10:48:42,39,IB_141,0.2818690255978371,0.2818690255978371
IB_142,-66.014292,136.318102,0.0608,0.8784,2021-03-10 10:48:42,38,IB_142,0.27823185353208196,0.27823185353208196
IB_143,-65.938804,136.076022,0.0592,0.7443,2021-03-10 10:48:42,37,IB_143,0.27454650070310793,0.27454650070310793
IB_144,-65.98375,136.299208,0.0592,0.9064,2021-03-10 10:48:42,37,IB_144,0.27454650070310793,0.27454650070310793
IB_145,-65.871785,135.821342,0.0576,0.6233,2021-03-10 10:48:42,36,IB_145,0.270811000102923,0.270811000102923
IB_146,-65.956622,136.21841,0.0576,0.8847,2021-03-10 10:48:42,36,IB_146,0.270811000102923,0.270811000102923
IB_147,-66.086498,136.231989,0.0544,0.7937,2021-03-10 10:48:42,34,IB_147,0.26318098569918164,0.26318098569918164
IB_148,-65.882481,136.235543,0.0544,0.9054,2021-03-10 10:48:42,34,IB_148,0.26318098569918164,0.26318098569918164
IB_149,-66.114069,136.095887,0.0496,0.7821,2021-03-10 10:48:42,31,IB_149,0.2513019725725687,0.2513019725725687
IB_150,-65.976929,136.259494,0.0496,0.8354,2021-03-10 10:48:42,31,IB_150,0.2513019725725687,0.2513019725725687
IB_151,-65.832975,135.935392,0.0496,0.6686,2021-03-10 10:48:42,31,IB_151,0.2513019725725687,0.2513019725725687
IB_152,-65.972984,136.461634,0.0496,0.8386,2021-03-10 10:48:42,31,IB_152,0.2513019725725687,0.2513019725725687
IB_153,-65.702863,136.167553,0.0496,0.7834,2021-03-10 10:48:42,31,IB_153,0.2513019725725687,0.2513019725725687
IB_154,-65.98934,136.214823,0.048,0.7995,2021-03-10 10:48:42,30,IB_154,0.24721548929484133,0.24721548929484133
IB_155,-65.797687,135.738545,0.048,0.8835,2021-03-10 10:48:42,30,IB_155,0.24721548929484133,0.24721548929484133
IB_156,-66.017955,136.298425,0.0464,0.857,2021-03-10 10:48:42,29,IB_156,0.24306031118985993,0.24306031118985993
IB_157,-65.978704,136.162661,0.0448,0.863,2021-03-10 10:48:42,28,IB_157,0.23883285285767386,0.23883285285767386
IB_158,-65.988023,136.402347,0.0448,0.8681,2021-03-10 10:48:42,28,IB_158,0.23883285285767386,0.23883285285767386
IB_159,-65.695363,136.083533,0.0448,0.6507,2021-03-10 10:48:42,28,IB_159,0.23883285285767386,0.23883285285767386
IB_160,-66.129966,136.174217,0.0432,0.7307,2021-03-10 10:48:42,27,IB_160,0.23452920571340158,0.23452920571340158
IB_161,-65.821728,135.743386,0.0432,0.6647,2021-03-10 10:48:42,27,IB_161,0.23452920571340158,0.23452920571340158
IB_162,-65.815401,135.765793,0.0432,0.8497,2021-03-10 10:48:42,27,IB_162,0.23452920571340158,0.23452920571340158
IB_163,-65.801691,135.741924,0.0416,0.577,2021-03-10 10:48:42,26,IB_163,0.2301450956700637,0.2301450956700637
IB_164,-65.865515,135.783499,0.04,0.5851,2021-03-10 10:48:42,25,IB_164,0.22567583341910252,0.22567583341910252
IB_165,-65.872672,135.999071,0.04,0.6996,2021-03-10 10:48:42,25,IB_165,0.22567583341910252,0.22567583341910252
IB_166,-65.745181,135.791209,0.04,0.7984,2021-03-10 10:48:42,25,IB_166,0.22567583341910252,0.22567583341910252
IB_167,-65.936313,136.459004,0.04,0.7379,2021-03-10 10:48:42,25,IB_167,0.22567583341910252,0.22567583341910252
IB_168,-66.042121,136.155588,0.0384,0.7651,2021-03-10 10:48:42,24,IB_168,0.22111625566165471,0.22111625566165471
IB_169,-65.850268,135.765817,0.0384,0.8281,2021-03-10 10:48:42,24,IB_169,0.22111625566165471,0.22111625566165471
IB_170,-65.701685,136.301576,0.0384,0.5019,2021-03-10 10:48:42,24,IB_170,0.22111625566165471,0.22111625566165471
IB_171,-65.828054,135.988123,0.0368,0.8293,2021-03-10 10:48:42,23,IB_171,0.2164606551922404,0.2164606551922404
IB_172,-65.707539,136.157777,0.0368,0.7107,2021-03-10 10:48:42,23,IB_172,0.2164606551922404,0.2164606551922404
IB_173,-65.819509,136.449396,0.0368,0.7064,2021-03-10 10:48:42,23,IB_173,0.2164606551922404,0.2164606551922404
IB_174,-65.710014,136.269119,0.0368,0.5037,2021-03-10 10:48:42,23,IB_174,0.2164606551922404,0.2164606551922404
IB_175,-65.828687,135.807162,0.0352,0.7112,2021-03-10 10:48:42,22,IB_175,0.21170269713604908,0.21170269713604908
IB_176,-65.8545,136.615846,0.0352,0.8337,2021-03-10 10:48:42,22,IB_176,0.21170269713604908,0.21170269713604908
IB_177,-65.781137,136.575091,0.0352,0.7788,2021-03-10 10:48:42,22,IB_177,0.21170269713604908,0.21170269713604908
IB_178,-65.833409,135.49165,0.0336,0.8422,2021-03-10 10:48:42,21,IB_178,0.20683531783305642,0.20683531783305642
IB_179,-66.00131,136.180868,0.0336,0.8199,2021-03-10 10:48:42,21,IB_179,0.20683531783305642,0.20683531783305642
IB_180,-65.947755,136.049728,0.0336,0.882,2021-03-10 10:48:42,21,IB_180,0.20683531783305642,0.20683531783305642
IB_181,-65.837685,135.791418,0.0336,0.7687,2021-03-10 10:48:42,21,IB_181,0.20683531783305642,0.20683531783305642
IB_182,-65.938233,136.119676,0.0336,0.8465,2021-03-10 10:48:42,21,IB_182,0.20683531783305642,0.20683531783305642
IB_183,-65.972228,136.468825,0.0336,0.8299,2021-03-10 10:48:42,21,IB_183,0.20683531783305642,0.20683531783305642
IB_184,-65.820521,136.487986,0.0336,0.6306,2021-03-10 10:48:42,21,IB_184,0.20683531783305642,0.20683531783305642
IB_185,-65.769736,135.576179,0.032,0.6896,2021-03-10 10:48:42,20,IB_185,0.20185060176161282,0.20185060176161282
IB_186,-65.858344,136.057727,0.032,0.6995,2021-03-10 10:48:42,20,IB_186,0.20185060176161282,0.20185060176161282
IB_187,-65.978631,136.153171,0.0304,0.7988,2021-03-10 10:48:42,19,IB_187,0.1967396303746374,0.1967396303746374
IB_188,-66.00654,136.327424,0.0304,0.7995,2021-03-10 10:48:42,19,IB_188,0.1967396303746374,0.1967396303746374
IB_189,-66.041367,136.311355,0.0288,0.5801,2021-03-10 10:48:42,18,IB_189,0.19149229459268768,0.19149229459268768
IB_190,-65.97656,136.195233,0.0288,0.7776,2021-03-10 10:48:42,18,IB_190,0.19149229459268768,0.19149229459268768
IB_191,-65.747326,135.698595,0.0288,0.7518,2021-03-10 10:48:42,18,IB_191,0.19149229459268768,0.19149229459268768
IB_192,-65.687318,135.987362,0.0288,0.5595,2021-03-10 10:48:42,18,IB_192,0.19149229459268768,0.19149229459268768
IB_193,-66.105958,136.156899,0.0272,0.7576,2021-03-10 10:48:42,17,IB_193,0.18609705966725112,0.18609705966725112
IB_194,-65.829425,135.9743,0.0272,0.8351,2021-03-10 10:48:42,17,IB_194,0.18609705966725112,0.18609705966725112
IB_195,-65.878754,135.647802,0.0256,0.5008,2021-03-10 10:48:42,16,IB_195,0.18054066673528202,0.18054066673528202
IB_196,-65.980707,136.319604,0.0256,0.7673,2021-03-10 10:48:42,16,IB_196,0.18054066673528202,0.18054066673528202
IB_197,-66.016407,136.478329,0.0256,0.8553,2021-03-10 10:48:42,16,IB_197,0.18054066673528202,0.18054066673528202
IB_198,-65.913238,135.768687,0.024,0.83,2021-03-10 10:48:42,15,IB_198,0.17480774889473266,0.17480774889473266
IB_199,-65.981472,136.312842,0.024,0.8513,2021-03-10 10:48:42,15,IB_199,0.17480774889473266,0.17480774889473266
IB_200,-65.881785,135.734916,0.0224,0.5724,2021-03-10 10:48:42,14,IB_200,0.1688803298257901,0.1688803298257901
IB_201,-65.783497,135.775212,0.0224,0.6343,2021-03-10 10:48:42,14,IB_201,0.1688803298257901,0.1688803298257901
IB_202,-65.944197,136.343774,0.0224,0.7673,2021-03-10 10:48:42,14,IB_202,0.1688803298257901,0.1688803298257901
IB_203,-65.962512,136.404575,0.0224,0.7345,2021-03-10 10:48:42,14,IB_203,0.1688803298257901,0.1688803298257901
IB_204,-65.690747,136.13326,0.0224,0.5568,2021-03-10 10:48:42,14,IB_204,0.1688803298257901,0.1688803298257901
IB_205,-65.815291,136.461927,0.0224,0.5795,2021-03-10 10:48:42,14,IB_205,0.1688803298257901,0.1688803298257901
IB_206,-65.914385,135.805844,0.0208,0.6659,2021-03-10 10:48:42,13,IB_206,0.16273715780512876,0.16273715780512876
IB_207,-65.997091,136.141975,0.0208,0.7769,2021-03-10 10:48:42,13,IB_207,0.16273715780512876,0.16273715780512876
IB_208,-65.786562,135.632105,0.0208,0.7078,2021-03-10 10:48:42,13,IB_208,0.16273715780512876,0.16273715780512876
IB_209,-65.746789,135.628193,0.0208,0.7727,2021-03-10 10:48:42,13,IB_209,0.16273715780512876,0.16273715780512876
IB_210,-66.016829,136.18832,0.0192,0.7317,2021-03-10 10:48:42,12,IB_210,0.15635280380893438,0.15635280380893438
IB_211,-65.820321,135.794206,0.0192,0.779,2021-03-10 10:48:42,12,IB_211,0.15635280380893438,0.15635280380893438
IB_212,-65.820473,136.07308,0.0192,0.5119,2021-03-10 10:48:42,12,IB_212,0.15635280380893438,0.15635280380893438
IB_213,-65.687841,135.840444,0.0192,0.5752,2021-03-10 10:48:42,12,IB_213,0.15635280380893438,0.15635280380893438
IB_214,-66.02962,136.272645,0.0176,0.7117,2021-03-10 10:48:42,11,IB_214,0.1496964127403822,0.1496964127403822
IB_215,-65.977061,136.45441,0.0176,0.7892,2021-03-10 10:48:42,11,IB_215,0.1496964127403822,0.1496964127403822
IB_216,-65.878623,135.653316,0.016,0.5015,2021-03-10 10:48:42,10,IB_216,0.1427299292922217,0.1427299292922217
IB_217,-66.01433,136.253552,0.016,0.5817,2021-03-10 10:48:42,10,IB_217,0.1427299292922217,0.1427299292922217
IB_218,-65.971672,136.164956,0.016,0.6338,2021-03-10 10:48:42,10,IB_218,0.1427299292922217,0.1427299292922217
IB_219,-65.991053,136.307622,0.016,0.7331,2021-03-10 10:48:42,10,IB_219,0.1427299292922217,0.1427299292922217
IB_220,-65.68619,136.020088,0.016,0.84,2021-03-10 10:48:42,10,IB_220,0.1427299292922217,0.1427299292922217
IB_221,-65.686655,136.057961,0.016,0.7242,2021-03-10 10:48:42,10,IB_221,0.1427299292922217,0.1427299292922217
IB_222,-65.831001,135.947776,0.0144,0.5599,2021-03-10 10:48:42,9,IB_222,0.1354055000514615,0.1354055000514615
IB_223,-65.834485,136.019717,0.0144,0.5349,2021-03-10 10:48:42,9,IB_223,0.1354055000514615,0.1354055000514615
IB_224,-66.045439,136.206411,0.0128,0.5967,2021-03-10 10:48:42,8,IB_224,0.12766152972845846,0.12766152972845846
IB_225,-66.033145,136.350922,0.0128,0.7062,2021-03-10 10:48:42,8,IB_225,0.12766152972845846,0.12766152972845846
IB_226,-65.857784,136.039155,0.0128,0.5137,2021-03-10 10:48:42,8,IB_226,0.12766152972845846,0.12766152972845846
IB_227,-65.980373,136.375578,0.0128,0.6349,2021-03-10 10:48:42,8,IB_227,0.12766152972845846,0.12766152972845846
IB_228,-65.745622,135.817046,0.0128,0.5855,2021-03-10 10:48:42,8,IB_228,0.12766152972845846,0.12766152972845846
IB_229,-65.75002,135.90223,0.0128,0.5927,2021-03-10 10:48:42,8,IB_229,0.12766152972845846,0.12766152972845846
IB_230,-65.978114,135.808219,0.0112,0.537,2021-03-10 10:48:42,7,IB_230,0.11941642642883693,0.11941642642883693
IB_231,-66.094332,136.260813,0.0112,0.6785,2021-03-10 10:48:42,7,IB_231,0.11941642642883693,0.11941642642883693
IB_232,-66.029016,136.30295,0.0112,0.8648,2021-03-10 10:48:42,7,IB_232,0.11941642642883693,0.11941642642883693
IB_233,-65.815551,136.445568,0.0112,0.5505,2021-03-10 10:48:42,7,IB_233,0.11941642642883693,0.11941642642883693
IB_234,-65.698214,136.160498,0.0112,0.5735,2021-03-10 10:48:42,7,IB_234,0.11941642642883693,0.11941642642883693
IB_235,-65.807231,136.616224,0.0112,0.5021,2021-03-10 10:48:42,7,IB_235,0.11941642642883693,0.11941642642883693
IB_236,-65.964657,135.856832,0.0096,0.6229,2021-03-10 10:48:42,6,IB_236,0.11055812783082736,0.11055812783082736
IB_237,-65.973976,136.221696,0.0096,0.6663,2021-03-10 10:48:42,6,IB_237,0.11055812783082736,0.11055812783082736
IB_238,-66.012545,136.34329,0.0096,0.6518,2021-03-10 10:48:42,6,IB_238,0.11055812783082736,0.11055812783082736
IB_239,-65.827517,136.100016,0.0096,0.511,2021-03-10 10:48:42,6,IB_239,0.11055812783082736,0.11055812783082736
IB_240,-65.721244,136.107172,0.0096,0.5064,2021-03-10 10:48:42,6,IB_240,0.11055812783082736,0.11055812783082736
IB_241,-65.974254,135.841698,0.008,0.6824,2021-03-10 10:48:42,5,IB_241,0.10092530088080641,0.10092530088080641
IB_242,-65.986255,136.148351,0.008,0.5183,2021-03-10 10:48:42,5,IB_242,0.10092530088080641,0.10092530088080641
IB_243,-65.872852,136.031991,0.008,0.5446,2021-03-10 10:48:42,5,IB_243,0.10092530088080641,0.10092530088080641
IB_244,-65.954576,136.420212,0.008,0.5843,2021-03-10 10:48:42,5,IB_244,0.10092530088080641,0.10092530088080641
IB_245,-65.814946,136.476109,0.008,0.5498,2021-03-10 10:48:42,5,IB_245,0.10092530088080641,0.10092530088080641
IB_246,-65.699308,136.25117,0.008,0.5002,2021-03-10 10:48:42,5,IB_246,0.10092530088080641,0.10092530088080641
